intensityDif,speaker,Word,precedingPhone,followingPhone,stressStatus,wordFrequency,grupo,sexo
4.68125779692605,001cdmxf30lic,DADO,baja,media,unstressed,1.77815125038364,CDMXINSITU,FEMENINO
13.4492435782623,001cdmxf30lic,REALIDAD,alta,baja,stressed,2.23044892137827,CDMXINSITU,FEMENINO
14.3619325020819,001cdmxf30lic,PANADERO,baja,media,stressed,1.30102999566398,CDMXINSITU,FEMENINO
7.62948327152731,001cdmxf30lic,PANADER2A,baja,media,unstressed,1.69897000433602,CDMXINSITU,FEMENINO
3.44984056646706,001cdmxf30lic,PANADER2AS,baja,media,unstressed,1,CDMXINSITU,FEMENINO
3.80847668370066,001cdmxf30lic,METIDO,alta,media,unstressed,1.47712125471966,CDMXINSITU,FEMENINO
10.8143376978831,001cdmxf30lic,RODADAS,media,baja,stressed,1,CDMXINSITU,FEMENINO
4.73265534574391,001cdmxf30lic,RODADAS,baja,baja,unstressed,1,CDMXINSITU,FEMENINO
8.43067478182093,001cdmxf30lic,UNIVERSIDAD,alta,baja,stressed,2.46239799789896,CDMXINSITU,FEMENINO
11.0506564309098,001cdmxf30lic,MEDIO,media,alta,unstressed,2.23044892137827,CDMXINSITU,FEMENINO
17.7975263861314,001cdmxf30lic,ECUADOR,baja,media,stressed,1.30102999566398,CDMXINSITU,FEMENINO
14.7306946393105,001cdmxf30lic,PEDO,media,media,unstressed,1.69897000433602,CDMXINSITU,FEMENINO
11.1708648434438,001cdmxf30lic,PEDO,media,media,unstressed,1.69897000433602,CDMXINSITU,FEMENINO
9.90681327372523,001cdmxf30lic,MITAD,baja,media,unstressed,2,CDMXINSITU,FEMENINO
4.92342167323757,001cdmxf30lic,ECUADOR,baja,media,stressed,1.30102999566398,CDMXINSITU,FEMENINO
7.68024186581059,001cdmxf30lic,INCLINADO,baja,media,unstressed,1,CDMXINSITU,FEMENINO
8.82780583371673,001cdmxf30lic,TODOS,media,media,unstressed,3.11058971029925,CDMXINSITU,FEMENINO
9.60525923284095,001cdmxf30lic,HERIDOS,alta,media,unstressed,1,CDMXINSITU,FEMENINO
10.2660455415904,001cdmxf30lic,TODOS,media,media,unstressed,3.11058971029925,CDMXINSITU,FEMENINO
7.47256397049436,001cdmxf30lic,PEDO,media,media,unstressed,1.69897000433602,CDMXINSITU,FEMENINO
19.4001740218607,001cdmxf30lic,REALIDAD,alta,baja,stressed,2.23044892137827,CDMXINSITU,FEMENINO
11.3897477637956,001cdmxf30lic,MITAD,baja,media,unstressed,2,CDMXINSITU,FEMENINO
8.07225238171885,001cdmxf30lic,CHIDO,alta,media,unstressed,2.34242268082221,CDMXINSITU,FEMENINO
13.1513089727797,001cdmxf30lic,PANADERO,baja,media,stressed,1.30102999566398,CDMXINSITU,FEMENINO
2.82692438694806,001cdmxf30lic,TODO,media,media,unstressed,3.39269695325967,CDMXINSITU,FEMENINO
6.27849744517806,001cdmxf30lic,CADA,baja,baja,unstressed,2.72427586960079,CDMXINSITU,FEMENINO
6.75121413857698,001cdmxf30lic,PANADER2A,baja,media,unstressed,1.69897000433602,CDMXINSITU,FEMENINO
3.50757901506935,001cdmxf30lic,NADA,baja,baja,unstressed,3.01703333929878,CDMXINSITU,FEMENINO
4.78223170934548,001cdmxf30lic,PANADER2A,baja,media,unstressed,1.69897000433602,CDMXINSITU,FEMENINO
10.1568487670164,001cdmxf30lic,PIDI5,alta,alta,stressed,1.69897000433602,CDMXINSITU,FEMENINO
10.5322616129872,001cdmxf30lic,CHIDO,alta,media,unstressed,2.34242268082221,CDMXINSITU,FEMENINO
8.28978047834283,001cdmxf30lic,CHIDO,alta,media,unstressed,2.34242268082221,CDMXINSITU,FEMENINO
10.4199899204949,001cdmxf30lic,PANADER2A,baja,media,unstressed,1.69897000433602,CDMXINSITU,FEMENINO
3.9061737886501,001cdmxf30lic,PANADER2A,baja,media,unstressed,1.69897000433602,CDMXINSITU,FEMENINO
10.6893606473473,001cdmxf30lic,GRABADO,baja,media,unstressed,1.60205999132796,CDMXINSITU,FEMENINO
2.52277589651209,001cdmxf30lic,CHIDO,alta,media,unstressed,2.34242268082221,CDMXINSITU,FEMENINO
6.57639394404441,001cdmxf30lic,GRABADO,baja,media,unstressed,1.60205999132796,CDMXINSITU,FEMENINO
5.8516834215753,001cdmxf30lic,GRABADO,baja,media,unstressed,1.60205999132796,CDMXINSITU,FEMENINO
9.07532524158102,001cdmxf30lic,NADA,baja,baja,unstressed,3.01703333929878,CDMXINSITU,FEMENINO
11.190995468569,001cdmxf30lic,1CIDO,alta,media,unstressed,1,CDMXINSITU,FEMENINO
13.8532925616195,001cdmxf30lic,ESTUDIO,alta,alta,unstressed,1.69897000433602,CDMXINSITU,FEMENINO
13.4256963987831,001cdmxf30lic,ESTUDI5,alta,alta,stressed,1.69897000433602,CDMXINSITU,FEMENINO
5.85658913721645,001cdmxf30lic,ESTUDIO,alta,alta,unstressed,1.69897000433602,CDMXINSITU,FEMENINO
2.85925672692017,001cdmxf30lic,HUMANIDADES,alta,baja,stressed,1,CDMXINSITU,FEMENINO
7.28471842169772,001cdmxf30lic,HUMANIDADES,baja,media,unstressed,1,CDMXINSITU,FEMENINO
14.0564999732264,001cdmxf30lic,PUEDES,media,media,unstressed,2.79934054945358,CDMXINSITU,FEMENINO
15.5188089712184,001cdmxf30lic,ESTUDIAR,alta,alta,stressed,2.38021124171161,CDMXINSITU,FEMENINO
7.69325789873193,001cdmxf30lic,UNIVERSIDAD,alta,baja,stressed,2.46239799789896,CDMXINSITU,FEMENINO
7.66728185955247,001cdmxf30lic,PUEDES,media,media,unstressed,2.79934054945358,CDMXINSITU,FEMENINO
3.01249506152591,001cdmxf30lic,CONTRALADAS,baja,baja,unstressed,1,CDMXINSITU,FEMENINO
8.96717992294917,001cdmxf30lic,PROMEDIO,media,alta,unstressed,2.04139268515823,CDMXINSITU,FEMENINO
3.70449170032428,001cdmxf30lic,PRIVADA,baja,baja,unstressed,1.47712125471966,CDMXINSITU,FEMENINO
12.8560629830839,001cdmxf30lic,PROMEDIO,media,alta,unstressed,2.04139268515823,CDMXINSITU,FEMENINO
6.9780518030045,001cdmxf30lic,PROMEDIO,media,alta,unstressed,2.04139268515823,CDMXINSITU,FEMENINO
13.0893780516722,001cdmxf30lic,PROMEDIO,media,alta,unstressed,2.04139268515823,CDMXINSITU,FEMENINO
10.4382386099131,001cdmxf30lic,NADA,baja,baja,unstressed,3.01703333929878,CDMXINSITU,FEMENINO
4.4436620384936,001cdmxf30lic,TODAV2A,media,baja,unstressed,2.44715803134222,CDMXINSITU,FEMENINO
15.7318896040436,001cdmxf30lic,OPORTUNIDAD,alta,baja,stressed,2.17609125905568,CDMXINSITU,FEMENINO
2.8829696920608,001cdmxf30lic,PUEDES,media,media,unstressed,2.79934054945358,CDMXINSITU,FEMENINO
3.92064050373831,002cdmxm32lic,POD2A,media,alta,stressed,2.07918124604763,CDMXINSITU,MASCULINO
0.647790579568948,002cdmxm32lic,TODOS,media,media,unstressed,3.11058971029925,CDMXINSITU,MASCULINO
14.486961169493,002cdmxm32lic,CHINGADOS,baja,media,unstressed,1.30102999566398,CDMXINSITU,MASCULINO
5.5605174173547,002cdmxm32lic,EMBARAZADA,baja,baja,unstressed,1,CDMXINSITU,MASCULINO
5.07281371959193,002cdmxm32lic,NADIE,baja,alta,unstressed,2.17609125905568,CDMXINSITU,MASCULINO
7.99091910448733,002cdmxm32lic,ESTUDIAR,alta,alta,stressed,2.38021124171161,CDMXINSITU,MASCULINO
5.31417294220451,002cdmxm32lic,PEDAGOG2A,media,baja,unstressed,1.47712125471966,CDMXINSITU,MASCULINO
1.1636995876823,002cdmxm32lic,PEDAGOG2A,media,baja,unstressed,1.47712125471966,CDMXINSITU,MASCULINO
10.2342897455817,002cdmxm32lic,ESTUDIANDO,alta,alta,stressed,2.07918124604763,CDMXINSITU,MASCULINO
6.95015843560762,002cdmxm32lic,PEDAGOG2A,media,baja,unstressed,1.47712125471966,CDMXINSITU,MASCULINO
10.8210067310337,002cdmxm32lic,CAPACIDAD,alta,baja,stressed,1.84509804001426,CDMXINSITU,MASCULINO
3.4504765707656,002cdmxm32lic,L2DER,alta,media,unstressed,1.30102999566398,CDMXINSITU,MASCULINO
15.1528079806061,002cdmxm32lic,DEDICO,media,alta,stressed,1.30102999566398,CDMXINSITU,MASCULINO
3.38715962999565,002cdmxm32lic,ESTUDIAR,alta,alta,stressed,2.38021124171161,CDMXINSITU,MASCULINO
4.79348358464067,002cdmxm32lic,COMPUTADORAS,baja,media,stressed,1.47712125471966,CDMXINSITU,MASCULINO
7.04862128588866,002cdmxm32lic,REDES,media,media,unstressed,1.60205999132796,CDMXINSITU,MASCULINO
5.51952903862791,002cdmxm32lic,MEDIO,media,alta,unstressed,2.23044892137827,CDMXINSITU,MASCULINO
11.3279943455888,002cdmxm32lic,DEDICARME,media,alta,unstressed,1,CDMXINSITU,MASCULINO
11.8508441757281,002cdmxm32lic,ESTUDIAR,alta,alta,stressed,2.38021124171161,CDMXINSITU,MASCULINO
12.6792940425948,002cdmxm32lic,CAPACIDAD,alta,baja,stressed,1.84509804001426,CDMXINSITU,MASCULINO
3.01051896715974,002cdmxm32lic,TODOS,media,media,unstressed,3.11058971029925,CDMXINSITU,MASCULINO
1.72478165126026,002cdmxm32lic,TODO,media,media,unstressed,3.39269695325967,CDMXINSITU,MASCULINO
1.23920454883725,002cdmxm32lic,POD2A,media,alta,stressed,2.07918124604763,CDMXINSITU,MASCULINO
12.3755322693414,002cdmxm32lic,AUDICIONES,alta,alta,unstressed,1,CDMXINSITU,MASCULINO
4.33107883695739,002cdmxm32lic,AUDICI5N,alta,alta,unstressed,1.84509804001426,CDMXINSITU,MASCULINO
2.69128282661511,002cdmxm32lic,QUED4,media,media,stressed,2.49136169383427,CDMXINSITU,MASCULINO
13.3640322202019,002cdmxm32lic,AUDICI5N,alta,alta,unstressed,1.84509804001426,CDMXINSITU,MASCULINO
6.09334796411051,002cdmxm32lic,QUED4,media,media,stressed,2.49136169383427,CDMXINSITU,MASCULINO
9.27837974554578,002cdmxm32lic,AUDICI5N,alta,alta,unstressed,1.84509804001426,CDMXINSITU,MASCULINO
6.89486412898826,002cdmxm32lic,QUED4,media,media,stressed,2.49136169383427,CDMXINSITU,MASCULINO
14.8458591716065,002cdmxm32lic,UNIVERSIDAD,alta,baja,stressed,2.46239799789896,CDMXINSITU,MASCULINO
6.34314436889912,002cdmxm32lic,TEMPORADA,baja,baja,unstressed,1.84509804001426,CDMXINSITU,MASCULINO
2.49935215914884,002cdmxm32lic,PIDO,alta,media,unstressed,1.60205999132796,CDMXINSITU,MASCULINO
4.5512729497615,002cdmxm32lic,TODO,media,media,unstressed,3.39269695325967,CDMXINSITU,MASCULINO
10.604423867558,002cdmxm32lic,PUBLICIDAD,alta,baja,stressed,1.47712125471966,CDMXINSITU,MASCULINO
19.6281860332355,002cdmxm32lic,PUBLICIDAD,baja,alta,unstressed,1.47712125471966,CDMXINSITU,MASCULINO
15.8218448472136,002cdmxm32lic,VIDEO,alta,media,stressed,1.47712125471966,CDMXINSITU,MASCULINO
7.84270267654713,002cdmxm32lic,UNIVERSIDAD,alta,baja,stressed,2.46239799789896,CDMXINSITU,MASCULINO
5.33949923649997,002cdmxm32lic,UNIVERSIDAD,alta,baja,stressed,2.46239799789896,CDMXINSITU,MASCULINO
1.06468622801349,002cdmxm32lic,TODO,media,media,unstressed,3.39269695325967,CDMXINSITU,MASCULINO
7.98157545955721,002cdmxm32lic,MEDIO,media,alta,unstressed,2.23044892137827,CDMXINSITU,MASCULINO
19.2951234125809,002cdmxm32lic,MEDIO,media,alta,unstressed,2.23044892137827,CDMXINSITU,MASCULINO
3.63910759156343,002cdmxm32lic,RESERVADOS,baja,media,unstressed,1.30102999566398,CDMXINSITU,MASCULINO
1.36707665677008,002cdmxm32lic,NADA,baja,baja,unstressed,3.01703333929878,CDMXINSITU,MASCULINO
5.38798053903324,002cdmxm32lic,USTEDES,media,media,unstressed,1.90308998699194,CDMXINSITU,MASCULINO
0.69101438478495,002cdmxm32lic,PIDO,alta,media,unstressed,1.60205999132796,CDMXINSITU,MASCULINO
5.70189449783381,002cdmxm32lic,PROMEDIO,media,alta,unstressed,2.04139268515823,CDMXINSITU,MASCULINO
4.14100573996289,002cdmxm32lic,SEGUIDAS,alta,baja,unstressed,1.30102999566398,CDMXINSITU,MASCULINO
7.39607946560074,002cdmxm32lic,LLEVADO,baja,media,unstressed,1.30102999566398,CDMXINSITU,MASCULINO
8.2588768995328,002cdmxm32lic,MORDIDA,alta,baja,unstressed,1.60205999132796,CDMXINSITU,MASCULINO
9.01003902349569,002cdmxm32lic,MORDIDA,alta,baja,unstressed,1.60205999132796,CDMXINSITU,MASCULINO
10.7733916046315,002cdmxm32lic,DISTRIBU2DA,alta,baja,unstressed,1,CDMXINSITU,MASCULINO
13.9813396225672,002cdmxm32lic,PIDI5,alta,alta,stressed,1.69897000433602,CDMXINSITU,MASCULINO
11.041941573063,002cdmxm32lic,PIDI5,alta,alta,stressed,1.69897000433602,CDMXINSITU,MASCULINO
9.84747016625383,002cdmxm32lic,TRABAJADO,baja,media,unstressed,1.30102999566398,CDMXINSITU,MASCULINO
2.92578707576622,002cdmxm32lic,AGARRADO,baja,media,unstressed,1,CDMXINSITU,MASCULINO
6.10768079756924,002cdmxm32lic,CA2DO,alta,media,unstressed,1.60205999132796,CDMXINSITU,MASCULINO
5.31865149852324,002cdmxm32lic,TENIDO,alta,media,unstressed,1.95424250943932,CDMXINSITU,MASCULINO
2.54757011710655,002cdmxm32lic,MORDIDA,alta,baja,unstressed,1.60205999132796,CDMXINSITU,MASCULINO
1.03830886242667,002cdmxm32lic,LLEVADO,baja,media,unstressed,1.30102999566398,CDMXINSITU,MASCULINO
9.340780134639,002cdmxm32lic,DESNUDO,alta,media,unstressed,1,CDMXINSITU,MASCULINO
3.84818849729679,002cdmxm32lic,ESTADO,baja,media,unstressed,2.51851393987789,CDMXINSITU,MASCULINO
2.72116996639839,002cdmxm32lic,MEDIO,media,alta,unstressed,2.23044892137827,CDMXINSITU,MASCULINO
2.91305714026706,002cdmxm32lic,CUIDANDO,alta,baja,stressed,1,CDMXINSITU,MASCULINO
9.2011038442009,002cdmxm32lic,SIDA,alta,baja,unstressed,1,CDMXINSITU,MASCULINO
7.40002871240623,002cdmxm32lic,VARIADO,baja,media,unstressed,1.30102999566398,CDMXINSITU,MASCULINO
6.9976262249135,002cdmxm32lic,TODO,media,media,unstressed,3.39269695325967,CDMXINSITU,MASCULINO
7.11999534794995,002cdmxm32lic,AFICIONADO,baja,media,unstressed,1,CDMXINSITU,MASCULINO
1.19973109555512,002cdmxm32lic,TODO,media,media,unstressed,3.39269695325967,CDMXINSITU,MASCULINO
19.9418571416701,002cdmxm32lic,PARECIDA,alta,baja,unstressed,1.30102999566398,CDMXINSITU,MASCULINO
6.5825649478116,002cdmxm32lic,VIDA,alta,baja,unstressed,2.54406804435028,CDMXINSITU,MASCULINO
9.19906302550838,002cdmxm32lic,DE,media,media,stressed,4.30362797638389,CDMXINSITU,MASCULINO
2.91560757740903,003cdmxf23lic,LADO,baja,media,unstressed,2.25527250510331,CDMXINSITU,FEMENINO
3.36490307762033,003cdmxf23lic,RUIDO,alta,media,unstressed,1.47712125471966,CDMXINSITU,FEMENINO
1.00190435485746,003cdmxf23lic,PUEDAN,media,baja,unstressed,1.69897000433602,CDMXINSITU,FEMENINO
6.65447299845383,003cdmxf23lic,INCOMODE,media,media,unstressed,1,CDMXINSITU,FEMENINO
15.1569679986399,003cdmxf23lic,ADAPTADO,baja,baja,unstressed,1,CDMXINSITU,FEMENINO
4.79286845054411,003cdmxf23lic,ADAPTADO,baja,media,unstressed,1,CDMXINSITU,FEMENINO
6.76844420396237,003cdmxf23lic,ADAPTAN,baja,baja,stressed,1,CDMXINSITU,FEMENINO
5.9601926142828,003cdmxf23lic,APROXIMADAMENTE,baja,baja,unstressed,1.60205999132796,CDMXINSITU,FEMENINO
2.00837710121522,003cdmxf23lic,ACTIVIDADES,alta,baja,stressed,1.69897000433602,CDMXINSITU,FEMENINO
5.6225134349865,003cdmxf23lic,ACTIVIDADES,baja,media,unstressed,1.69897000433602,CDMXINSITU,FEMENINO
2.65312370995477,003cdmxf23lic,REALIZADO,baja,media,unstressed,1,CDMXINSITU,FEMENINO
3.64186666797396,003cdmxf23lic,PASADA,baja,baja,unstressed,1.30102999566398,CDMXINSITU,FEMENINO
11.5965502846716,003cdmxf23lic,ATRASADA,baja,baja,unstressed,1,CDMXINSITU,FEMENINO
11.2815069080515,003cdmxf23lic,IDEAL,alta,media,unstressed,1.47712125471966,CDMXINSITU,FEMENINO
5.47713165090515,003cdmxf23lic,IDEAL,alta,media,unstressed,1.47712125471966,CDMXINSITU,FEMENINO
7.28045935244295,003cdmxf23lic,SIDO,alta,media,unstressed,2.04139268515823,CDMXINSITU,FEMENINO
2.69000703518728,003cdmxf23lic,ENFOCADO,baja,media,unstressed,1.47712125471966,CDMXINSITU,FEMENINO
9.0666485280392,003cdmxf23lic,UNIVERSIDAD,alta,baja,stressed,2.46239799789896,CDMXINSITU,FEMENINO
10.833211554263,003cdmxf23lic,ESTUDI1NDOLO,alta,alta,stressed,1,CDMXINSITU,FEMENINO
7.08623409026576,003cdmxf23lic,IDIOMA,alta,alta,stressed,1.47712125471966,CDMXINSITU,FEMENINO
1.09443665738203,003cdmxf23lic,TODO,media,media,unstressed,3.39269695325967,CDMXINSITU,FEMENINO
4.70688613080175,003cdmxf23lic,IDIOMA,alta,alta,stressed,1.47712125471966,CDMXINSITU,FEMENINO
15.4380272785333,003cdmxf23lic,PUEDO,media,media,unstressed,2.41497334797082,CDMXINSITU,FEMENINO
1.30586266878177,003cdmxf23lic,COMPLICADO,baja,media,unstressed,2.23044892137827,CDMXINSITU,FEMENINO
2.56675673630538,003cdmxf23lic,PASADO,baja,media,unstressed,1.95424250943932,CDMXINSITU,FEMENINO
5.83779447536497,003cdmxf23lic,DIARIO,media,alta,stressed,1.60205999132796,CDMXINSITU,FEMENINO
14.3727481176632,003cdmxf23lic,AYUD5,alta,media,stressed,1,CDMXINSITU,FEMENINO
3.98312949413402,003cdmxf23lic,MIEDO,media,media,unstressed,1.84509804001426,CDMXINSITU,FEMENINO
19.840550084922,003cdmxf23lic,ENCONTRADOS,baja,media,unstressed,1,CDMXINSITU,FEMENINO
2.29543164229094,003cdmxf23lic,ESTUDIANTES,alta,alta,stressed,1.60205999132796,CDMXINSITU,FEMENINO
8.47814591856724,003cdmxf23lic,UNIVERSIDAD,alta,baja,stressed,2.46239799789896,CDMXINSITU,FEMENINO
3.55415980541265,003cdmxf23lic,PODEMOS,media,media,stressed,2.14612803567824,CDMXINSITU,FEMENINO
13.9709417737264,003cdmxf23lic,UNIVERSIDAD,alta,baja,stressed,2.46239799789896,CDMXINSITU,FEMENINO
5.66125497932899,003cdmxf23lic,NAD4,baja,media,stressed,1,CDMXINSITU,FEMENINO
0.870170081261932,003cdmxf23lic,CIUDAD,alta,baja,stressed,3.13353890837022,CDMXINSITU,FEMENINO
2.89990539597029,003cdmxf23lic,ENTENDIDO,alta,media,unstressed,1.47712125471966,CDMXINSITU,FEMENINO
5.22001775125072,003cdmxf23lic,TODO,media,media,unstressed,3.39269695325967,CDMXINSITU,FEMENINO
23.8166931295113,003cdmxf23lic,PUEDO,media,media,unstressed,2.41497334797082,CDMXINSITU,FEMENINO
2.22256173542678,003cdmxf23lic,ESTUDIANTILES,alta,alta,unstressed,1,CDMXINSITU,FEMENINO
2.91593343568894,003cdmxf23lic,VIDA,alta,baja,unstressed,2.54406804435028,CDMXINSITU,FEMENINO
5.01185762002504,003cdmxf23lic,SALIDO,alta,media,unstressed,1.30102999566398,CDMXINSITU,FEMENINO
9.4323813531426,003cdmxf23lic,VIAJADO,baja,media,unstressed,1.30102999566398,CDMXINSITU,FEMENINO
12.3180682965528,003cdmxf23lic,IDO,alta,media,unstressed,2.38021124171161,CDMXINSITU,FEMENINO
5.83840593289855,003cdmxf23lic,CIUDAD,alta,baja,stressed,3.13353890837022,CDMXINSITU,FEMENINO
7.33804938633136,003cdmxf23lic,TENIDO,alta,media,unstressed,1.95424250943932,CDMXINSITU,FEMENINO
2.42844797849156,003cdmxf23lic,OPORTUNIDAD,alta,baja,stressed,2.17609125905568,CDMXINSITU,FEMENINO
11.459636516822,003cdmxf23lic,GUADALAJARA,baja,baja,unstressed,1.77815125038364,CDMXINSITU,FEMENINO
9.01995093240626,003cdmxf23lic,ESTADO,baja,media,unstressed,2.51851393987789,CDMXINSITU,FEMENINO
2.926438596089,003cdmxf23lic,CIUDAD,alta,baja,stressed,3.13353890837022,CDMXINSITU,FEMENINO
3.75243869885723,003cdmxf23lic,H3MEDO,media,media,unstressed,1.69897000433602,CDMXINSITU,FEMENINO
2.56249190102855,003cdmxf23lic,H3MEDO,media,media,unstressed,1.69897000433602,CDMXINSITU,FEMENINO
5.00433376054212,003cdmxf23lic,ACOSTUMBRADOS,baja,media,unstressed,1.60205999132796,CDMXINSITU,FEMENINO
2.444725262918,003cdmxf23lic,SUCEDE,media,media,unstressed,1.69897000433602,CDMXINSITU,FEMENINO
0.764077525201088,003cdmxf23lic,CADENAS,baja,media,stressed,1,CDMXINSITU,FEMENINO
5.44843334675036,003cdmxf23lic,IDENTIDAD,alta,media,unstressed,1.69897000433602,CDMXINSITU,FEMENINO
5.98539443576512,003cdmxf23lic,IDENTIDAD,alta,baja,stressed,1.69897000433602,CDMXINSITU,FEMENINO
5.11976608018292,003cdmxf23lic,QUESADILLAS,baja,alta,stressed,1.47712125471966,CDMXINSITU,FEMENINO
8.38988964877171,003cdmxf23lic,TRADICIONES,baja,alta,unstressed,1.47712125471966,CDMXINSITU,FEMENINO
4.31758214204743,003cdmxf23lic,CIUDAD,alta,baja,stressed,3.13353890837022,CDMXINSITU,FEMENINO
2.505634925452,003cdmxf23lic,ESCONDIDAS,alta,baja,unstressed,1,CDMXINSITU,FEMENINO
2.13375864222193,003cdmxf23lic,CADA,baja,baja,unstressed,2.72427586960079,CDMXINSITU,FEMENINO
2.62028314622012,003cdmxf23lic,RELACIONADA,baja,baja,unstressed,1,CDMXINSITU,FEMENINO
3.86831993179325,003cdmxf23lic,CADA,baja,baja,unstressed,2.72427586960079,CDMXINSITU,FEMENINO
1.39071483977334,003cdmxf23lic,QUEDAMOS,media,baja,stressed,1.47712125471966,CDMXINSITU,FEMENINO
16.6184360474076,003cdmxf23lic,CIUDAD,alta,baja,stressed,3.13353890837022,CDMXINSITU,FEMENINO
2.49795267027432,003cdmxf23lic,PUEDES,media,media,unstressed,2.79934054945358,CDMXINSITU,FEMENINO
4.28744097284348,003cdmxf23lic,CADA,baja,baja,unstressed,2.72427586960079,CDMXINSITU,FEMENINO
3.27637055796146,003cdmxf23lic,OPORTUNIDAD,alta,baja,stressed,2.17609125905568,CDMXINSITU,FEMENINO
14.7215772538739,003cdmxf23lic,OPORTUNIDAD,alta,baja,stressed,2.17609125905568,CDMXINSITU,FEMENINO
11.2695947269606,003cdmxf23lic,AMISTADES,baja,media,unstressed,1,CDMXINSITU,FEMENINO
5.70761407746357,003cdmxf23lic,DEDICADAS,media,alta,unstressed,1,CDMXINSITU,FEMENINO
4.60548610529665,003cdmxf23lic,DEDICADOS,media,alta,unstressed,1.30102999566398,CDMXINSITU,FEMENINO
2.36509049751062,003cdmxf23lic,DEDICADOS,baja,media,unstressed,1.30102999566398,CDMXINSITU,FEMENINO
2.18148680102581,003cdmxf23lic,CONSIDERAR,alta,media,unstressed,1.30102999566398,CDMXINSITU,FEMENINO
3.9632585775841,003cdmxf23lic,CONSIDERO,alta,media,stressed,1.30102999566398,CDMXINSITU,FEMENINO
13.8060530605958,003cdmxf23lic,CADA,baja,baja,unstressed,2.72427586960079,CDMXINSITU,FEMENINO
1.54214108563684,003cdmxf23lic,CADA,baja,baja,unstressed,2.72427586960079,CDMXINSITU,FEMENINO
7.05693111424458,003cdmxf23lic,OPORTUNIDAD,alta,baja,stressed,2.17609125905568,CDMXINSITU,FEMENINO
6.81873825546205,003cdmxf23lic,ESTUDIAMOS,alta,alta,stressed,1.30102999566398,CDMXINSITU,FEMENINO
3.79177997213556,004cdmxm31lic,VELOCIDAD,alta,baja,stressed,1.30102999566398,CDMXINSITU,MASCULINO
0.496743509892156,004cdmxm31lic,SEGURIDAD,alta,baja,stressed,2.20411998265593,CDMXINSITU,MASCULINO
1.64777268495008,004cdmxm31lic,SENTIDO,alta,media,unstressed,1.84509804001426,CDMXINSITU,MASCULINO
10.2334858307538,004cdmxm31lic,AGRADEZCO,baja,media,stressed,1,CDMXINSITU,MASCULINO
20.5198039419848,004cdmxm31lic,R1PIDO,alta,media,unstressed,1.69897000433602,CDMXINSITU,MASCULINO
3.98360155750943,004cdmxm31lic,SEGURIDAD,alta,baja,stressed,2.20411998265593,CDMXINSITU,MASCULINO
11.0708018046627,004cdmxm31lic,LLAMADA,baja,baja,unstressed,1,CDMXINSITU,MASCULINO
1.99634097339806,004cdmxm31lic,NADA,baja,baja,unstressed,3.01703333929878,CDMXINSITU,MASCULINO
1.35569492809,004cdmxm31lic,SEGURIDAD,alta,baja,stressed,2.20411998265593,CDMXINSITU,MASCULINO
0.777205811611353,004cdmxm31lic,TODO,media,media,unstressed,3.39269695325967,CDMXINSITU,MASCULINO
3.69681186116853,004cdmxm31lic,ACTIVIDAD,alta,baja,stressed,1.47712125471966,CDMXINSITU,MASCULINO
2.3654912193505,004cdmxm31lic,SENTIDOS,alta,media,unstressed,1.30102999566398,CDMXINSITU,MASCULINO
4.95149544387485,004cdmxm31lic,O2DO,alta,media,unstressed,1.60205999132796,CDMXINSITU,MASCULINO
4.55947802608173,004cdmxm31lic,TODO,media,media,unstressed,3.39269695325967,CDMXINSITU,MASCULINO
2.83946003913832,004cdmxm31lic,CONCENTRADO,baja,media,unstressed,1,CDMXINSITU,MASCULINO
6.91122790988337,004cdmxm31lic,LADO,baja,media,unstressed,2.25527250510331,CDMXINSITU,MASCULINO
0.515009279415324,004cdmxm31lic,SEGURIDAD,alta,baja,stressed,2.20411998265593,CDMXINSITU,MASCULINO
4.66460351425602,004cdmxm31lic,VIDEO,alta,media,stressed,1.47712125471966,CDMXINSITU,MASCULINO
3.54686087076645,004cdmxm31lic,TODO,media,media,unstressed,3.39269695325967,CDMXINSITU,MASCULINO
15.924752203946,004cdmxm31lic,CAPACIDAD,alta,baja,stressed,1.84509804001426,CDMXINSITU,MASCULINO
12.3822831801141,004cdmxm31lic,CAPACIDAD,baja,media,unstressed,1.84509804001426,CDMXINSITU,MASCULINO
3.92622689476285,004cdmxm31lic,CIUDAD,alta,baja,stressed,3.13353890837022,CDMXINSITU,MASCULINO
10.5231351922175,004cdmxm31lic,PROVEEDORES,media,media,stressed,1,CDMXINSITU,MASCULINO
2.32243978080045,004cdmxm31lic,SIMULADOR,baja,media,stressed,1.30102999566398,CDMXINSITU,MASCULINO
8.64502259738346,004cdmxm31lic,SIMULADOR,baja,media,stressed,1.30102999566398,CDMXINSITU,MASCULINO
7.78721337131859,004cdmxm31lic,ADOPTARLAS,baja,media,unstressed,1,CDMXINSITU,MASCULINO
0.82764210393907,004cdmxm31lic,PROVEEDOR,media,media,stressed,1.30102999566398,CDMXINSITU,MASCULINO
2.55733475230458,004cdmxm31lic,COMPUTADORA,baja,media,stressed,1.30102999566398,CDMXINSITU,MASCULINO
2.32981265825838,004cdmxm31lic,FRENADAS,baja,baja,unstressed,1,CDMXINSITU,MASCULINO
6.49370946184523,004cdmxm31lic,VELOCIDAD,alta,baja,stressed,1.30102999566398,CDMXINSITU,MASCULINO
1.28339857951924,004cdmxm31lic,EMPLEADOS,baja,media,unstressed,1.60205999132796,CDMXINSITU,MASCULINO
2.04985679481594,004cdmxm31lic,REPARTIDORES,alta,media,stressed,1,CDMXINSITU,MASCULINO
2.1617711479802,004cdmxm31lic,COMUNIDADES,alta,baja,stressed,1.30102999566398,CDMXINSITU,MASCULINO
1.80623448448416,004cdmxm31lic,COMUNIDADES,baja,media,unstressed,1.30102999566398,CDMXINSITU,MASCULINO
4.28660429304674,004cdmxm31lic,SEGURIDAD,alta,baja,stressed,2.20411998265593,CDMXINSITU,MASCULINO
4.52802014830077,004cdmxm31lic,PRODUCTO,media,alta,stressed,1.95424250943932,CDMXINSITU,MASCULINO
5.5239677791042,004cdmxm31lic,PEDIDO,media,alta,stressed,1.30102999566398,CDMXINSITU,MASCULINO
9.4822774187341,004cdmxm31lic,PEDIDO,alta,media,unstressed,1.30102999566398,CDMXINSITU,MASCULINO
7.18057867040383,004cdmxm31lic,UNIDADES,alta,baja,stressed,1.47712125471966,CDMXINSITU,MASCULINO
10.1204570217806,004cdmxm31lic,SEGURIDAD,alta,baja,stressed,2.20411998265593,CDMXINSITU,MASCULINO
3.33717688927275,004cdmxm31lic,TODO,media,media,unstressed,3.39269695325967,CDMXINSITU,MASCULINO
17.3725103384929,004cdmxm31lic,PRODUCTO,media,alta,stressed,1.95424250943932,CDMXINSITU,MASCULINO
9.65224258799378,004cdmxm31lic,COORDINADOR,baja,media,stressed,1,CDMXINSITU,MASCULINO
7.11834715123805,004cdmxm31lic,TOCADO,baja,media,unstressed,1.84509804001426,CDMXINSITU,MASCULINO
4.16046514115278,004cdmxm31lic,OPERADORES,baja,media,stressed,1.30102999566398,CDMXINSITU,MASCULINO
2.4055292069217,004cdmxm31lic,PIDEN,alta,media,unstressed,1.84509804001426,CDMXINSITU,MASCULINO
0.178147899065905,004cdmxm31lic,PIDEN,alta,media,unstressed,1.84509804001426,CDMXINSITU,MASCULINO
2.76595900976064,004cdmxm31lic,PESADO,baja,media,unstressed,2,CDMXINSITU,MASCULINO
8.99078790063699,004cdmxm31lic,PESADO,baja,media,unstressed,2,CDMXINSITU,MASCULINO
0.792087190286253,004cdmxm31lic,TENIDO,alta,media,unstressed,1.95424250943932,CDMXINSITU,MASCULINO
2.94008460287935,004cdmxm31lic,FATALIDADES,alta,baja,stressed,1,CDMXINSITU,MASCULINO
4.01137278381395,004cdmxm31lic,FATALIDADES,baja,media,unstressed,1,CDMXINSITU,MASCULINO
13.0986173720494,004cdmxm31lic,PRODUCTO,media,alta,stressed,1.95424250943932,CDMXINSITU,MASCULINO
2.3028744788013,004cdmxm31lic,TODA,media,baja,unstressed,2.67209785793572,CDMXINSITU,MASCULINO
2.73817956778763,004cdmxm31lic,NADA,baja,baja,unstressed,3.01703333929878,CDMXINSITU,MASCULINO
2.15645419783452,004cdmxm31lic,VIDA,alta,baja,unstressed,2.54406804435028,CDMXINSITU,MASCULINO
2.56722393711873,004cdmxm31lic,PESADO,baja,media,unstressed,2,CDMXINSITU,MASCULINO
4.91381758018967,004cdmxm31lic,ESTADO,baja,media,unstressed,2.51851393987789,CDMXINSITU,MASCULINO
4.52027939517744,004cdmxm31lic,ESTADO,baja,media,unstressed,2.51851393987789,CDMXINSITU,MASCULINO
3.62208276758275,004cdmxm31lic,EMBOTELLADORES,baja,media,stressed,1,CDMXINSITU,MASCULINO
2.24773520901815,004cdmxm31lic,EMBOTELLADORA,baja,media,stressed,1,CDMXINSITU,MASCULINO
7.12440423324952,004cdmxm31lic,CIUDAD,alta,baja,stressed,3.13353890837022,CDMXINSITU,MASCULINO
11.3256861323924,004cdmxm31lic,ESTUDI4,alta,alta,stressed,2.04139268515823,CDMXINSITU,MASCULINO
13.0345761549252,004cdmxm31lic,ESTUDIANDO,alta,alta,stressed,2.07918124604763,CDMXINSITU,MASCULINO
7.11879467160173,004cdmxm31lic,PRODUCCI5N,media,alta,unstressed,1.77815125038364,CDMXINSITU,MASCULINO
4.29355609711705,004cdmxm31lic,IDEA,alta,media,stressed,2,CDMXINSITU,MASCULINO
9.69235386205811,004cdmxm31lic,MODIFIQU4,media,alta,unstressed,1,CDMXINSITU,MASCULINO
11.5183485531401,004cdmxm31lic,OPORTUNIDAD,alta,baja,stressed,2.17609125905568,CDMXINSITU,MASCULINO
1.31199098611508,004cdmxm31lic,PODEMOS,media,media,stressed,2.14612803567824,CDMXINSITU,MASCULINO
3.99555650393815,004cdmxm31lic,PRODUCCI5N,media,alta,unstressed,1.77815125038364,CDMXINSITU,MASCULINO
1.62550532738171,004cdmxm31lic,ESTUDI4,alta,alta,stressed,2.04139268515823,CDMXINSITU,MASCULINO
1.60150700186971,004cdmxm31lic,REDUCIR,media,alta,unstressed,1.30102999566398,CDMXINSITU,MASCULINO
3.18383640548396,004cdmxm31lic,NADA,baja,baja,unstressed,3.01703333929878,CDMXINSITU,MASCULINO
1.67963623224644,005chif25lic,POD2A,media,alta,stressed,2.07918124604763,CHIENCDMX,FEMENINO
1.84660767201933,005chif25lic,QUITADO,baja,media,unstressed,1,CHIENCDMX,FEMENINO
8.38545199077778,005chif25lic,INCREDULIDAD,media,alta,unstressed,1.30102999566398,CHIENCDMX,FEMENINO
4.24203336604251,005chif25lic,INCREDULIDAD,alta,baja,stressed,1.30102999566398,CHIENCDMX,FEMENINO
8.71557020632144,005chif25lic,RETADORA,baja,media,stressed,1.30102999566398,CHIENCDMX,FEMENINO
1.69228671034537,005chif25lic,NADA,baja,baja,unstressed,3.01703333929878,CHIENCDMX,FEMENINO
5.37659261552604,005chif25lic,DEJADO,baja,media,unstressed,1.47712125471966,CHIENCDMX,FEMENINO
1.10448701156957,005chif25lic,NADA,baja,baja,unstressed,3.01703333929878,CHIENCDMX,FEMENINO
2.10914502890175,005chif25lic,NADA,baja,baja,unstressed,3.01703333929878,CHIENCDMX,FEMENINO
4.67514552988608,005chif25lic,INCREDULIDAD,media,alta,unstressed,1.30102999566398,CHIENCDMX,FEMENINO
17.1689836255194,005chif25lic,INCREDULIDAD,alta,baja,stressed,1.30102999566398,CHIENCDMX,FEMENINO
6.49860524469943,005chif25lic,RETADORA,baja,media,stressed,1.30102999566398,CHIENCDMX,FEMENINO
9.33809581771878,005chif25lic,TEMPLADO,baja,media,unstressed,1.47712125471966,CHIENCDMX,FEMENINO
11.2450536920234,005chif25lic,GRADOS,baja,media,unstressed,1.47712125471966,CHIENCDMX,FEMENINO
1.05413419488983,005chif25lic,ESTADO,baja,media,unstressed,2.51851393987789,CHIENCDMX,FEMENINO
4.28191359158646,005chif25lic,TEMPLADO,baja,media,unstressed,1.47712125471966,CHIENCDMX,FEMENINO
0.909405176532218,005chif25lic,HABIDO,alta,media,unstressed,1.77815125038364,CHIENCDMX,FEMENINO
5.34926349432834,005chif25lic,GRADOS,baja,media,unstressed,1.47712125471966,CHIENCDMX,FEMENINO
5.86284341775826,005chif25lic,GRADOS,baja,media,unstressed,1.47712125471966,CHIENCDMX,FEMENINO
6.86613004796976,005chif25lic,NEVADO,baja,media,unstressed,1.47712125471966,CHIENCDMX,FEMENINO
5.04721740196074,005chif25lic,NEVADO,baja,media,unstressed,1.47712125471966,CHIENCDMX,FEMENINO
5.90347973406103,005chif25lic,NAVIDAD,alta,baja,stressed,1.90308998699194,CHIENCDMX,FEMENINO
0.926106197982875,005chif25lic,TOCADO,baja,media,unstressed,1.84509804001426,CHIENCDMX,FEMENINO
4.15567871736882,005chif25lic,NAVIDAD,alta,baja,stressed,1.90308998699194,CHIENCDMX,FEMENINO
1.49248984570613,005chif25lic,TODAV2A,media,baja,unstressed,2.44715803134222,CHIENCDMX,FEMENINO
2.41732675198486,005chif25lic,TEMPLADO,baja,media,unstressed,1.47712125471966,CHIENCDMX,FEMENINO
4.64208915187238,005chif25lic,ADENTRO,baja,media,stressed,1.90308998699194,CHIENCDMX,FEMENINO
8.4755619327702,005chif25lic,ACONDICIONADO,baja,media,unstressed,1.47712125471966,CHIENCDMX,FEMENINO
4.64295200411763,005chif25lic,CUIDARTE,alta,baja,stressed,1,CHIENCDMX,FEMENINO
4.1678462611561,005chif25lic,ACONDICIONADO,baja,media,unstressed,1.47712125471966,CHIENCDMX,FEMENINO
4.42548691095486,005chif25lic,CIUDAD,alta,baja,stressed,3.13353890837022,CHIENCDMX,FEMENINO
4.0971974721617,005chif25lic,CIUDAD,alta,baja,stressed,3.13353890837022,CHIENCDMX,FEMENINO
0.735380812155,005chif25lic,SENTIDO,alta,media,unstressed,1.84509804001426,CHIENCDMX,FEMENINO
5.07090474551396,005chif25lic,ESTUDI5,alta,alta,stressed,1.69897000433602,CHIENCDMX,FEMENINO
5.28849224556716,005chif25lic,VERDAD,baja,media,unstressed,3.19312459835446,CHIENCDMX,FEMENINO
4.06612328038764,005chif25lic,LADO,baja,media,unstressed,2.25527250510331,CHIENCDMX,FEMENINO
1.04069883646264,005chif25lic,CIUDAD,alta,baja,stressed,3.13353890837022,CHIENCDMX,FEMENINO
3.55086223213095,005chif25lic,TODO,media,media,unstressed,3.39269695325967,CHIENCDMX,FEMENINO
2.63823953774429,005chif25lic,CIUDAD,alta,baja,stressed,3.13353890837022,CHIENCDMX,FEMENINO
1.19978138556571,005chif25lic,TODO,media,media,unstressed,3.39269695325967,CHIENCDMX,FEMENINO
3.25420976088124,005chif25lic,MODA,media,baja,unstressed,2,CHIENCDMX,FEMENINO
3.22098158340572,005chif25lic,MODA,media,baja,unstressed,2,CHIENCDMX,FEMENINO
11.7885700419387,005chif25lic,PARECIDA,alta,baja,unstressed,1.30102999566398,CHIENCDMX,FEMENINO
4.55609544314265,005chif25lic,MODA,media,baja,unstressed,2,CHIENCDMX,FEMENINO
2.3333422475897,005chif25lic,TODO,media,media,unstressed,3.39269695325967,CHIENCDMX,FEMENINO
2.7185436166516,005chif25lic,MODA,media,baja,unstressed,2,CHIENCDMX,FEMENINO
2.17258630312828,005chif25lic,MODA,media,baja,unstressed,2,CHIENCDMX,FEMENINO
4.63057816849278,005chif25lic,CANSADA,baja,baja,unstressed,1.30102999566398,CHIENCDMX,FEMENINO
8.5342598543448,005chif25lic,MODAS,media,baja,unstressed,1,CHIENCDMX,FEMENINO
2.40689177081729,005chif25lic,MODA,media,baja,unstressed,2,CHIENCDMX,FEMENINO
5.67799007077949,005chif25lic,ADOLESCENCIA,baja,media,unstressed,1,CHIENCDMX,FEMENINO
3.26904000238622,005chif25lic,TODO,media,media,unstressed,3.39269695325967,CHIENCDMX,FEMENINO
6.49341339647493,005chif25lic,POD2AS,media,alta,stressed,1.60205999132796,CHIENCDMX,FEMENINO
0.928296694271751,005chif25lic,COMPLICADO,baja,media,unstressed,2.23044892137827,CHIENCDMX,FEMENINO
3.10014433107266,005chif25lic,TODOS,media,media,unstressed,3.11058971029925,CHIENCDMX,FEMENINO
10.2164893369472,005chif25lic,VIVIDO,alta,media,unstressed,1.47712125471966,CHIENCDMX,FEMENINO
3.84158563606033,005chif25lic,VIDA,alta,baja,unstressed,2.54406804435028,CHIENCDMX,FEMENINO
15.1558454635242,005chif25lic,IDEA,alta,media,stressed,2,CHIENCDMX,FEMENINO
7.20924032183872,005chif25lic,FASCINADOS,baja,media,unstressed,1,CHIENCDMX,FEMENINO
4.47828548855712,005chif25lic,CIUDAD,alta,baja,stressed,3.13353890837022,CHIENCDMX,FEMENINO
2.88321507846196,005chif25lic,NAVIDAD,alta,baja,stressed,1.90308998699194,CHIENCDMX,FEMENINO
4.80592918235661,005chif25lic,QUEDARON,media,baja,stressed,1.47712125471966,CHIENCDMX,FEMENINO
11.2866169166686,005chif25lic,ENCANTADOS,baja,media,unstressed,1,CHIENCDMX,FEMENINO
2.58718003552968,005chif25lic,UNIDOS,alta,media,unstressed,2.56820172406699,CHIENCDMX,FEMENINO
2.24842417788057,005chif25lic,QUEDARNOS,media,baja,stressed,1,CHIENCDMX,FEMENINO
4.02809662705904,005chif25lic,IDO,alta,media,unstressed,2.38021124171161,CHIENCDMX,FEMENINO
8.34899563482799,005chif25lic,NAVIDAD,alta,baja,stressed,1.90308998699194,CHIENCDMX,FEMENINO
10.9123615171217,005chif25lic,NAVIDAD,baja,baja,unstressed,1.90308998699194,CHIENCDMX,FEMENINO
4.76490804209514,005chif25lic,IDO,alta,media,unstressed,2.38021124171161,CHIENCDMX,FEMENINO
2.35999987259267,005chif25lic,CIUDAD,alta,baja,stressed,3.13353890837022,CHIENCDMX,FEMENINO
8.16188573569791,005chif25lic,NAVIDE6AS,alta,media,stressed,1,CHIENCDMX,FEMENINO
4.79522235676573,005chif25lic,IDO,alta,media,unstressed,2.38021124171161,CHIENCDMX,FEMENINO
5.0806166889666,005chif25lic,BODA,media,baja,unstressed,1.60205999132796,CHIENCDMX,FEMENINO
1.31219868800844,005chif25lic,TODA,media,baja,unstressed,2.67209785793572,CHIENCDMX,FEMENINO
0.694759885879066,005chif25lic,TODA,media,baja,unstressed,2.67209785793572,CHIENCDMX,FEMENINO
3.22395791489365,005chif25lic,TODOS,media,media,unstressed,3.11058971029925,CHIENCDMX,FEMENINO
1.20223467679838,005chif25lic,TODA,media,baja,unstressed,2.67209785793572,CHIENCDMX,FEMENINO
9.10450276861121,005chif25lic,IDO,alta,media,unstressed,2.38021124171161,CHIENCDMX,FEMENINO
2.51703320203883,005chif25lic,CIUDAD,alta,baja,stressed,3.13353890837022,CHIENCDMX,FEMENINO
15.1685128292091,005chif25lic,IDO,alta,media,unstressed,2.38021124171161,CHIENCDMX,FEMENINO
9.24669433272111,005chif25lic,M4RIDA,alta,baja,unstressed,1.90308998699194,CHIENCDMX,FEMENINO
4.62480779128866,005chif25lic,ENAMORADA,baja,baja,unstressed,1,CHIENCDMX,FEMENINO
4.14608041467936,005chif25lic,M4RIDA,alta,baja,unstressed,1.90308998699194,CHIENCDMX,FEMENINO
4.58760434907222,005chif25lic,CIUDAD,alta,baja,stressed,3.13353890837022,CHIENCDMX,FEMENINO
8.92465553075883,005chif25lic,CIUDAD,baja,alta,unstressed,3.13353890837022,CHIENCDMX,FEMENINO
7.50543749738094,005chif25lic,REDEDOR,media,media,unstressed,1.30102999566398,CHIENCDMX,FEMENINO
9.83279918108575,005chif25lic,REDEDOR,media,media,stressed,1.30102999566398,CHIENCDMX,FEMENINO
3.16008491791692,005chif25lic,IDO,alta,media,unstressed,2.38021124171161,CHIENCDMX,FEMENINO
2.61886595674926,005chif25lic,CIUDAD,alta,baja,stressed,3.13353890837022,CHIENCDMX,FEMENINO
3.01576103195077,005chif25lic,CIUDAD,baja,media,unstressed,3.13353890837022,CHIENCDMX,FEMENINO
7.00728299523726,005chif25lic,M4RIDA,alta,baja,unstressed,1.90308998699194,CHIENCDMX,FEMENINO
11.9630880801294,005chif25lic,MEDIA,media,alta,unstressed,2.32221929473392,CHIENCDMX,FEMENINO
10.4524444357584,005chif25lic,M4RIDA,alta,baja,unstressed,1.90308998699194,CHIENCDMX,FEMENINO
6.61939145175931,006chim23lic,R1PIDOS,alta,media,unstressed,1,CHIENCDMX,MASCULINO
1.62549935833756,006chim23lic,EDITAS,media,alta,stressed,1,CHIENCDMX,MASCULINO
4.60922044794297,006chim23lic,PUEDE,media,media,unstressed,2.69019608002851,CHIENCDMX,MASCULINO
5.27799942655695,006chim23lic,VERDADERAMENTE,baja,media,unstressed,1,CHIENCDMX,MASCULINO
1.38068623099069,006chim23lic,NADA,baja,baja,unstressed,3.01703333929878,CHIENCDMX,MASCULINO
1.39189135814163,006chim23lic,CIUDAD,alta,baja,stressed,3.13353890837022,CHIENCDMX,MASCULINO
2.83762450623955,006chim23lic,CIUDAD,alta,baja,stressed,3.13353890837022,CHIENCDMX,MASCULINO
6.91752629469994,006chim23lic,PENSADAS,baja,baja,unstressed,1,CHIENCDMX,MASCULINO
4.07965358691773,006chim23lic,NADA,baja,baja,unstressed,3.01703333929878,CHIENCDMX,MASCULINO
2.08478323716876,006chim23lic,PUEDAN,media,baja,unstressed,1.69897000433602,CHIENCDMX,MASCULINO
3.7757395279467,006chim23lic,DENUNCIADO,baja,media,unstressed,1,CHIENCDMX,MASCULINO
2.80680633204197,006chim23lic,ACAD4MICOS,baja,media,stressed,1.30102999566398,CHIENCDMX,MASCULINO
3.46499323433542,006chim23lic,PRIORIDAD,alta,baja,stressed,1,CHIENCDMX,MASCULINO
4.32612452811681,006chim23lic,PRIORIDAD,baja,media,unstressed,1,CHIENCDMX,MASCULINO
3.12395081274248,006chim23lic,MAQUILADORA,baja,media,stressed,1.95424250943932,CHIENCDMX,MASCULINO
1.84747665153316,006chim23lic,ESTADOS,baja,media,unstressed,2.61278385671974,CHIENCDMX,MASCULINO
6.59337904457444,006chim23lic,MAQUILADORA,baja,media,stressed,1.95424250943932,CHIENCDMX,MASCULINO
1.41028528585134,006chim23lic,SUBCONTRATADO,baja,media,unstressed,1,CHIENCDMX,MASCULINO
2.63601414246997,006chim23lic,SUBCONTRATADOS,baja,media,unstressed,1,CHIENCDMX,MASCULINO
3.75924169377511,006chim23lic,OPERADORES,baja,media,stressed,1.30102999566398,CHIENCDMX,MASCULINO
3.15498384173068,006chim23lic,PUEDEN,media,media,unstressed,2.23044892137827,CHIENCDMX,MASCULINO
1.30257393123645,006chim23lic,PUEDE,media,media,unstressed,2.69019608002851,CHIENCDMX,MASCULINO
0.351537060162102,006chim23lic,VIDA,alta,baja,unstressed,2.54406804435028,CHIENCDMX,MASCULINO
3.26524417186265,006chim23lic,PUEDE,media,media,unstressed,2.69019608002851,CHIENCDMX,MASCULINO
3.85524437239529,006chim23lic,SUCEDE,media,media,unstressed,1.69897000433602,CHIENCDMX,MASCULINO
1.20579260212541,006chim23lic,CIUDAD,alta,baja,stressed,3.13353890837022,CHIENCDMX,MASCULINO
0.954424259011219,006chim23lic,CIUDAD,alta,baja,stressed,3.13353890837022,CHIENCDMX,MASCULINO
1.11709220651909,006chim23lic,JUD2OS,alta,alta,stressed,1,CHIENCDMX,MASCULINO
1.84339031074921,006chim23lic,MERCADERES,baja,media,stressed,1,CHIENCDMX,MASCULINO
2.75052993374187,006chim23lic,LADO,baja,media,unstressed,2.25527250510331,CHIENCDMX,MASCULINO
3.37814578401348,006chim23lic,ESTUDI4,alta,alta,stressed,2.04139268515823,CHIENCDMX,MASCULINO
1.37977224241122,006chim23lic,AYUDABA,alta,baja,stressed,1,CHIENCDMX,MASCULINO
1.55887404777792,006chim23lic,MERCADO,baja,media,unstressed,1.69897000433602,CHIENCDMX,MASCULINO
1.48472464810108,006chim23lic,MERCADO,baja,media,unstressed,1.69897000433602,CHIENCDMX,MASCULINO
3.58759825540135,006chim23lic,ALREDEDOR,media,media,unstressed,1.30102999566398,CHIENCDMX,MASCULINO
0.966501376651479,006chim23lic,ALREDEDOR,media,media,stressed,1.30102999566398,CHIENCDMX,MASCULINO
1.14060659606238,006chim23lic,COMIDA,alta,baja,unstressed,2.07918124604763,CHIENCDMX,MASCULINO
2.04757776155979,006chim23lic,PIDIERAN,alta,alta,stressed,1,CHIENCDMX,MASCULINO
2.57529569605499,006chim23lic,ENCHILADAS,baja,baja,unstressed,1,CHIENCDMX,MASCULINO
2.04851235899582,006chim23lic,AYUDANTE,alta,baja,stressed,1,CHIENCDMX,MASCULINO
4.15892601542537,006chim23lic,MERCADO,baja,media,unstressed,1.69897000433602,CHIENCDMX,MASCULINO
5.93400325888599,006chim23lic,ACOSTUMBRADOS,baja,media,unstressed,1.60205999132796,CHIENCDMX,MASCULINO
2.51441912825419,006chim23lic,EMPLEADOS,baja,media,unstressed,1.60205999132796,CHIENCDMX,MASCULINO
3.39107715934789,006chim23lic,EMPLEADO,baja,media,unstressed,1.47712125471966,CHIENCDMX,MASCULINO
0.978731063800211,006chim23lic,CIUDAD,alta,baja,stressed,3.13353890837022,CHIENCDMX,MASCULINO
3.18957308456154,006chim23lic,ESTUDIAR,alta,alta,stressed,2.38021124171161,CHIENCDMX,MASCULINO
4.03976398033879,006chim23lic,ACADEMIA,baja,media,stressed,1.30102999566398,CHIENCDMX,MASCULINO
1.76165832544729,006chim23lic,PUEDE,media,media,unstressed,2.69019608002851,CHIENCDMX,MASCULINO
0.828245093267427,006chim23lic,CABIDA,alta,baja,unstressed,1,CHIENCDMX,MASCULINO
1.24401612662667,007fchi31lic,QUEDAR,media,baja,stressed,2,CHIENCDMX,FEMENINO
6.14429165628889,007fchi31lic,DIVIDIDA,alta,baja,unstressed,1,CHIENCDMX,FEMENINO
3.29585558453143,007fchi31lic,NADIE,baja,alta,unstressed,2.17609125905568,CHIENCDMX,FEMENINO
4.67395894135923,007fchi31lic,QUEDABAN,media,baja,stressed,1,CHIENCDMX,FEMENINO
6.05884750502146,007fchi31lic,ALFOMBRADOS,baja,media,unstressed,1,CHIENCDMX,FEMENINO
6.4157695412065,007fchi31lic,DECIDES,alta,media,unstressed,1,CHIENCDMX,FEMENINO
1.63014788226127,007fchi31lic,EDUCACI5N,media,alta,unstressed,2,CHIENCDMX,FEMENINO
2.9419337280216,007fchi31lic,AYUDAR,alta,baja,stressed,1.95424250943932,CHIENCDMX,FEMENINO
3.36679399754186,007fchi31lic,NADIE,baja,alta,unstressed,2.17609125905568,CHIENCDMX,FEMENINO
5.05036653069132,007fchi31lic,NADIE,baja,alta,unstressed,2.17609125905568,CHIENCDMX,FEMENINO
3.80595982238673,007fchi31lic,TODAS,media,baja,unstressed,2.5910646070265,CHIENCDMX,FEMENINO
4.44239104595674,007fchi31lic,QUEDAR,media,baja,stressed,2,CHIENCDMX,FEMENINO
3.0326496453965,007fchi31lic,QUED4,media,media,stressed,2.49136169383427,CHIENCDMX,FEMENINO
1.23348486467964,007fchi31lic,QUEDABAS,media,baja,stressed,1,CHIENCDMX,FEMENINO
5.65120447927544,007fchi31lic,VALIDABAS,alta,baja,stressed,1,CHIENCDMX,FEMENINO
2.38432071308043,007fchi31lic,DEDIQUES,media,alta,stressed,1,CHIENCDMX,FEMENINO
1.44378043897395,007fchi31lic,UNIVERSIDAD,alta,baja,stressed,2.46239799789896,CHIENCDMX,FEMENINO
3.30553616725115,007fchi31lic,MADDOX,baja,media,unstressed,1,CHIENCDMX,FEMENINO
3.05603309509388,007fchi31lic,FUNDADOR,baja,media,stressed,1.30102999566398,CHIENCDMX,FEMENINO
12.2205088084217,007fchi31lic,UNIVERSIDADES,baja,media,unstressed,1.84509804001426,CHIENCDMX,FEMENINO
4.56517904504896,007fchi31lic,CREADOR,baja,media,stressed,1.30102999566398,CHIENCDMX,FEMENINO
6.98822447396861,007fchi31lic,ABUSADO,baja,media,unstressed,1,CHIENCDMX,FEMENINO
5.75683943400439,007fchi31lic,FUNDADOR,baja,media,stressed,1.30102999566398,CHIENCDMX,FEMENINO
3.1416878242721,007fchi31lic,TODA,media,baja,unstressed,2.67209785793572,CHIENCDMX,FEMENINO
2.73755635131575,007fchi31lic,TRADICIONES,baja,alta,unstressed,1.47712125471966,CHIENCDMX,FEMENINO
2.83994727698338,007fchi31lic,PODEROSA,media,media,unstressed,1.30102999566398,CHIENCDMX,FEMENINO
5.85181935064212,007fchi31lic,UNIDOS,alta,media,unstressed,2.56820172406699,CHIENCDMX,FEMENINO
5.74000089254777,007fchi31lic,UNIVERSIDADES,alta,baja,stressed,1.84509804001426,CHIENCDMX,FEMENINO
6.28678209162124,007fchi31lic,ESTADOS,baja,media,unstressed,2.61278385671974,CHIENCDMX,FEMENINO
6.72416646160738,007fchi31lic,AYUDAN,alta,baja,unstressed,1.77815125038364,CHIENCDMX,FEMENINO
3.8225297840613,007fchi31lic,AYUDAN,alta,baja,unstressed,1.77815125038364,CHIENCDMX,FEMENINO
5.29375726166455,007fchi31lic,TRABAJADORES,baja,media,stressed,1,CHIENCDMX,FEMENINO
2.36283270226262,007fchi31lic,AYUDAN,alta,baja,unstressed,1.77815125038364,CHIENCDMX,FEMENINO
3.82036510891929,007fchi31lic,PUEDES,media,media,unstressed,2.79934054945358,CHIENCDMX,FEMENINO
3.34894725194469,007fchi31lic,ADENTRO,baja,media,stressed,1.90308998699194,CHIENCDMX,FEMENINO
2.73078475310784,007fchi31lic,NAVIDAD,alta,baja,stressed,1.90308998699194,CHIENCDMX,FEMENINO
3.76202758932058,007fchi31lic,MODELOS,media,media,stressed,1.30102999566398,CHIENCDMX,FEMENINO
1.56175337143549,007fchi31lic,RADIO,baja,alta,unstressed,1,CHIENCDMX,FEMENINO
6.41053071737691,007fchi31lic,DEDICAR,media,alta,unstressed,1,CHIENCDMX,FEMENINO
0.806261889320595,007fchi31lic,TODA,media,baja,unstressed,2.67209785793572,CHIENCDMX,FEMENINO
4.06952682618859,007fchi31lic,COMIDAS,alta,baja,unstressed,1,CHIENCDMX,FEMENINO
1.0540104442409,007fchi31lic,VIDA,alta,baja,unstressed,2.54406804435028,CHIENCDMX,FEMENINO
2.4330268642944,007fchi31lic,EMBARAZADAS,baja,baja,unstressed,1,CHIENCDMX,FEMENINO
6.07834234579083,008chim27lic,NADA,baja,baja,unstressed,3.01703333929878,CHIENCDMX,MASCULINO
1.13197636693126,008chim27lic,IDENTIDAD,alta,baja,stressed,1.69897000433602,CHIENCDMX,MASCULINO
3.14666134772465,008chim27lic,CELEBRADO,baja,media,unstressed,1,CHIENCDMX,MASCULINO
1.87636405028471,008chim27lic,VERDAD,baja,media,unstressed,3.19312459835446,CHIENCDMX,MASCULINO
4.20650448585927,008chim27lic,PREGUNTADO,baja,media,unstressed,1.30102999566398,CHIENCDMX,MASCULINO
2.24366124036258,008chim27lic,EDUCACIONALES,media,alta,unstressed,1,CHIENCDMX,MASCULINO
2.0661666556696,008chim27lic,AYUDAR,alta,baja,stressed,1.95424250943932,CHIENCDMX,MASCULINO
2.68125265898925,008chim27lic,TODO,media,media,unstressed,3.39269695325967,CHIENCDMX,MASCULINO
8.27197076743285,008chim27lic,PUEDES,media,media,unstressed,2.79934054945358,CHIENCDMX,MASCULINO
1.12949364670724,008chim27lic,MEDIA,media,alta,unstressed,2.32221929473392,CHIENCDMX,MASCULINO
3.35343170966793,008chim27lic,CADA,baja,baja,unstressed,2.72427586960079,CHIENCDMX,MASCULINO
4.39300269069641,008chim27lic,PUEDES,media,media,unstressed,2.79934054945358,CHIENCDMX,MASCULINO
0.527340080400293,008chim27lic,ESTADOS,baja,media,unstressed,2.61278385671974,CHIENCDMX,MASCULINO
4.22508044822014,008chim27lic,TODO,media,media,unstressed,3.39269695325967,CHIENCDMX,MASCULINO
8.10072891434533,008chim27lic,COMIDA,alta,baja,unstressed,2.07918124604763,CHIENCDMX,MASCULINO
2.08768756616291,008chim27lic,ENLATADOS,baja,media,unstressed,1,CHIENCDMX,MASCULINO
1.40764189033803,008chim27lic,PRODUCTOS,media,alta,stressed,1.60205999132796,CHIENCDMX,MASCULINO
8.05455778658737,008chim27lic,PERECEDEROS,media,media,stressed,1.30102999566398,CHIENCDMX,MASCULINO
3.76548637388582,008chim27lic,UNIDOS,alta,media,unstressed,2.56820172406699,CHIENCDMX,MASCULINO
4.42512685419977,008chim27lic,PUDIESE,alta,alta,stressed,1,CHIENCDMX,MASCULINO
4.14677645152089,008chim27lic,ESTUDIO,alta,alta,unstressed,1.69897000433602,CHIENCDMX,MASCULINO
2.99739445071452,008chim27lic,CIUDAD,alta,baja,stressed,3.13353890837022,CHIENCDMX,MASCULINO
22.0735053026691,008chim27lic,CIUDAD,baja,alta,unstressed,3.13353890837022,CHIENCDMX,MASCULINO
5.1325830917073,008chim27lic,PUEDEN,media,media,unstressed,2.23044892137827,CHIENCDMX,MASCULINO
0.928897362408939,008chim27lic,CIUDAD,alta,baja,stressed,3.13353890837022,CHIENCDMX,MASCULINO
3.74905964334172,008chim27lic,CIUDAD,alta,baja,stressed,3.13353890837022,CHIENCDMX,MASCULINO
2.9606797462943,008chim27lic,PODER,media,media,stressed,2.14612803567824,CHIENCDMX,MASCULINO
3.71109690284869,008chim27lic,PLATICADO,baja,media,unstressed,1,CHIENCDMX,MASCULINO
1.3865543360012,008chim27lic,CIUDAD,alta,baja,stressed,3.13353890837022,CHIENCDMX,MASCULINO
1.92885711343739,008chim27lic,PUEDES,media,media,unstressed,2.79934054945358,CHIENCDMX,MASCULINO
2.82504807228635,008chim27lic,SEMBRADO,baja,media,unstressed,1,CHIENCDMX,MASCULINO
5.2884808554106,008chim27lic,PRODUCTOS,media,alta,stressed,1.60205999132796,CHIENCDMX,MASCULINO
5.34149636035831,008chim27lic,TODO,media,media,unstressed,3.39269695325967,CHIENCDMX,MASCULINO
7.12136002755362,008chim27lic,TENIDO,alta,media,unstressed,1.95424250943932,CHIENCDMX,MASCULINO
3.24967406593544,008chim27lic,PUEDES,media,media,unstressed,2.79934054945358,CHIENCDMX,MASCULINO
2.02428484209604,008chim27lic,VENADO,baja,media,unstressed,1,CHIENCDMX,MASCULINO
3.58671214442697,008chim27lic,TODO,media,media,unstressed,3.39269695325967,CHIENCDMX,MASCULINO
6.81153000962044,008chim27lic,DIVISADERO,baja,media,stressed,1,CHIENCDMX,MASCULINO
0.868415478732928,008chim27lic,CASCADAS,baja,baja,unstressed,1.60205999132796,CHIENCDMX,MASCULINO
5.04740736788931,008chim27lic,NEVADO,baja,media,unstressed,1.47712125471966,CHIENCDMX,MASCULINO
4.37358972459518,008chim27lic,PUEDES,media,media,unstressed,2.79934054945358,CHIENCDMX,MASCULINO
8.04320254936772,008chim27lic,LADO,baja,media,unstressed,2.25527250510331,CHIENCDMX,MASCULINO
1.8099574864498,008chim27lic,CIUDAD,alta,baja,stressed,3.13353890837022,CHIENCDMX,MASCULINO
13.9167086101602,008chim27lic,PARADAS,baja,baja,unstressed,1,CHIENCDMX,MASCULINO
4.88013826416908,008chim27lic,IDA,alta,baja,unstressed,1,CHIENCDMX,MASCULINO
1.86756606134097,008chim27lic,PUEDES,media,media,unstressed,2.79934054945358,CHIENCDMX,MASCULINO
1.96374298985474,008chim27lic,PUEDES,media,media,unstressed,2.79934054945358,CHIENCDMX,MASCULINO
1.94153048221297,008chim27lic,TODO,media,media,unstressed,3.39269695325967,CHIENCDMX,MASCULINO
1.40280123072074,008chim27lic,PODER,media,media,stressed,2.14612803567824,CHIENCDMX,MASCULINO
2.47653045298944,008chim27lic,RECORRIDO,alta,media,unstressed,1.60205999132796,CHIENCDMX,MASCULINO
8.68335199139558,008chim27lic,TODO,media,media,unstressed,3.39269695325967,CHIENCDMX,MASCULINO
2.45751266877872,008chim27lic,ESCUCHADO,baja,media,unstressed,1.77815125038364,CHIENCDMX,MASCULINO
3.04860405622256,008chim27lic,RECORRIDO,alta,media,unstressed,1.60205999132796,CHIENCDMX,MASCULINO
4.83707075718253,008chim27lic,ABURRIDO,alta,media,unstressed,1.47712125471966,CHIENCDMX,MASCULINO
2.87074584403167,008chim27lic,CIUDAD,alta,baja,stressed,3.13353890837022,CHIENCDMX,MASCULINO
5.06854073787277,008chim27lic,INVOLUCRADO,baja,media,unstressed,1,CHIENCDMX,MASCULINO
3.4559781803535,008chim27lic,MIEDO,media,media,unstressed,1.84509804001426,CHIENCDMX,MASCULINO
4.69988353153524,008chim27lic,TODO,media,media,unstressed,3.39269695325967,CHIENCDMX,MASCULINO
2.21896090159726,008chim27lic,VERDAD,baja,media,unstressed,3.19312459835446,CHIENCDMX,MASCULINO
7.39592763035526,008chim27lic,CIUDAD,alta,baja,stressed,3.13353890837022,CHIENCDMX,MASCULINO
6.82533043637521,008chim27lic,IDO,alta,media,unstressed,2.38021124171161,CHIENCDMX,MASCULINO
2.50538060011776,009inchimlicCOEM001,PORTADA,baja,baja,unstressed,1.30102999566398,CHIINSITU,MASCULINO
2.5605188700396,009inchimlicCOEM001,TOMADO,baja,media,unstressed,1,CHIINSITU,MASCULINO
2.78012753776544,009inchimlicCOEM001,QUEDA,media,baja,unstressed,1.95424250943932,CHIINSITU,MASCULINO
3.52789676748819,009inchimlicCOEM001,TODO,media,media,unstressed,3.39269695325967,CHIINSITU,MASCULINO
2.50852709012469,009inchimlicCOEM001,TODO,media,media,unstressed,3.39269695325967,CHIINSITU,MASCULINO
5.50751683818738,009inchimlicCOEM001,DEDICARON,media,alta,unstressed,1.30102999566398,CHIINSITU,MASCULINO
4.68026207855189,009inchimlicCOEM001,TIRADA,baja,baja,unstressed,1.30102999566398,CHIINSITU,MASCULINO
1.169266110771,009inchimlicCOEM001,LADOS,baja,media,unstressed,1.84509804001426,CHIINSITU,MASCULINO
14.666722958523,009inchimlicCOEM001,PORTADA,baja,baja,unstressed,1.30102999566398,CHIINSITU,MASCULINO
8.60889424994549,009inchimlicCOEM001,TODO,media,media,unstressed,3.39269695325967,CHIINSITU,MASCULINO
13.9948122610176,009inchimlicCOEM001,AUDIO,alta,alta,unstressed,1.47712125471966,CHIINSITU,MASCULINO
7.13615376587634,009inchimlicCOEM001,HABLADO,baja,media,unstressed,1.30102999566398,CHIINSITU,MASCULINO
10.714389490538,009inchimlicCOEM001,AUDIOS,alta,alta,unstressed,1,CHIINSITU,MASCULINO
2.32321824987866,009inchimlicCOEM001,MIDI,alta,alta,unstressed,1.30102999566398,CHIINSITU,MASCULINO
6.24584002500412,009inchimlicCOEM001,AUDIO,alta,alta,unstressed,1.47712125471966,CHIINSITU,MASCULINO
2.43156778815614,009inchimlicCOEM001,MONEDA,media,baja,unstressed,1.30102999566398,CHIINSITU,MASCULINO
4.03341270978825,009inchimlicCOEM001,PUEDAN,media,baja,unstressed,1.69897000433602,CHIINSITU,MASCULINO
10.3769943882313,009inchimlicCOEM001,APROXIMADAS,baja,baja,unstressed,1,CHIINSITU,MASCULINO
5.34938929755487,009inchimlicCOEM001,MEDIA,media,alta,unstressed,2.32221929473392,CHIINSITU,MASCULINO
1.601172271476,009inchimlicCOEM001,CHIDO,alta,media,unstressed,2.34242268082221,CHIINSITU,MASCULINO
3.71286824704971,009inchimlicCOEM001,GRABADA,baja,baja,unstressed,1,CHIINSITU,MASCULINO
9.33387192416078,009inchimlicCOEM001,SEGUIDO,alta,media,unstressed,1.84509804001426,CHIINSITU,MASCULINO
1.7123574093978,009inchimlicCOEM001,NADIE,baja,alta,unstressed,2.17609125905568,CHIINSITU,MASCULINO
2.36303901809123,009inchimlicCOEM001,TENIDO,alta,media,unstressed,1.95424250943932,CHIINSITU,MASCULINO
5.71351799448404,009inchimlicCOEM001,TODOS,media,media,unstressed,3.11058971029925,CHIINSITU,MASCULINO
1.85171784576096,009inchimlicCOEM001,CANTIDAD,alta,baja,stressed,1.60205999132796,CHIINSITU,MASCULINO
1.13394837431174,009inchimlicCOEM001,CANTIDAD,baja,baja,unstressed,1.60205999132796,CHIINSITU,MASCULINO
1.30074624442703,009inchimlicCOEM001,EXCEDES,media,media,unstressed,1,CHIINSITU,MASCULINO
1.47053225999342,009inchimlicCOEM001,ADEM1S,baja,media,unstressed,1.69897000433602,CHIINSITU,MASCULINO
5.11407721597924,009inchimlicCOEM001,CONTRADICCIONES,baja,alta,unstressed,1,CHIINSITU,MASCULINO
11.8435547492067,009inchimlicCOEM001,MEDIDO,media,alta,stressed,1.30102999566398,CHIINSITU,MASCULINO
2.69394109575092,009inchimlicCOEM001,MEDIDO,alta,media,unstressed,1.30102999566398,CHIINSITU,MASCULINO
1.30170920172931,009inchimlicCOEM001,CADA,baja,baja,unstressed,2.72427586960079,CHIINSITU,MASCULINO
1.47999391295171,009inchimlicCOEM001,CHIDO,alta,media,unstressed,2.34242268082221,CHIINSITU,MASCULINO
1.68770143774303,009inchimlicCOEM001,ANTECEDENTE,media,media,stressed,1,CHIINSITU,MASCULINO
2.53086755909633,009inchimlicCOEM001,CHIDO,alta,media,unstressed,2.34242268082221,CHIINSITU,MASCULINO
9.67097158369108,009inchimlicCOEM001,AUDIO,alta,alta,unstressed,1.47712125471966,CHIINSITU,MASCULINO
6.21192574248653,009inchimlicCOEM001,CHIDO,alta,media,unstressed,2.34242268082221,CHIINSITU,MASCULINO
2.05921184594343,009inchimlicCOEM001,CHIDO,alta,media,unstressed,2.34242268082221,CHIINSITU,MASCULINO
10.4785242495426,009inchimlicCOEM001,IDEA,alta,media,stressed,2,CHIINSITU,MASCULINO
4.95006577812586,010inchiflicCOEM004,TODAV2A,media,baja,unstressed,2.44715803134222,CHIINSITU,FEMENINO
5.35002931768584,010inchiflicCOEM004,RESPONSABILIDADES,alta,baja,stressed,1,CHIINSITU,FEMENINO
15.9457730287916,010inchiflicCOEM004,RESPONSABILIDADES,baja,media,unstressed,1,CHIINSITU,FEMENINO
8.38788224167894,010inchiflicCOEM004,ABURRIDOS,alta,media,unstressed,1.30102999566398,CHIINSITU,FEMENINO
2.01150551222449,010inchiflicCOEM004,SEGUIDO,alta,media,unstressed,1.84509804001426,CHIINSITU,FEMENINO
6.80710524710037,010inchiflicCOEM004,MEDIA,media,alta,unstressed,2.32221929473392,CHIINSITU,FEMENINO
4.71542995063012,010inchiflicCOEM004,MEDIA,media,alta,unstressed,2.32221929473392,CHIINSITU,FEMENINO
3.38165999730069,010inchiflicCOEM004,APELLIDO,alta,media,unstressed,1.30102999566398,CHIINSITU,FEMENINO
6.97572386717533,010inchiflicCOEM004,TODO,media,media,unstressed,3.39269695325967,CHIINSITU,FEMENINO
5.72126194735131,010inchiflicCOEM004,TODO,media,media,unstressed,3.39269695325967,CHIINSITU,FEMENINO
0.718537148772874,010inchiflicCOEM004,EST3PIDA,alta,baja,unstressed,1.47712125471966,CHIINSITU,FEMENINO
3.9766015411733,010inchiflicCOEM004,PEDO,media,media,unstressed,1.69897000433602,CHIINSITU,FEMENINO
15.0875537433595,010inchiflicCOEM004,EST3PIDA,alta,baja,unstressed,1.47712125471966,CHIINSITU,FEMENINO
3.83848062443822,010inchiflicCOEM004,NADA,baja,baja,unstressed,3.01703333929878,CHIINSITU,FEMENINO
5.03952319534233,010inchiflicCOEM004,DIVERTIDO,alta,media,unstressed,1.60205999132796,CHIINSITU,FEMENINO
12.8491995525164,010inchiflicCOEM004,MEDIA,media,alta,unstressed,2.32221929473392,CHIINSITU,FEMENINO
7.93056491916956,010inchiflicCOEM004,MEDIA,media,alta,unstressed,2.32221929473392,CHIINSITU,FEMENINO
9.83348386970546,010inchiflicCOEM004,MEDIA,media,alta,unstressed,2.32221929473392,CHIINSITU,FEMENINO
4.7067320063371,010inchiflicCOEM004,PESADO,baja,media,unstressed,2,CHIINSITU,FEMENINO
5.19671201150794,010inchiflicCOEM004,QU4DATE,media,baja,unstressed,1,CHIINSITU,FEMENINO
9.90828314242197,010inchiflicCOEM004,ESTUDIAR,alta,alta,stressed,2.38021124171161,CHIINSITU,FEMENINO
2.88534861449219,010inchiflicCOEM004,TODOS,media,media,unstressed,3.11058971029925,CHIINSITU,FEMENINO
5.23427457721225,010inchiflicCOEM004,CONOCIDO,alta,media,unstressed,1,CHIINSITU,FEMENINO
6.1973564043366,010inchiflicCOEM004,UNIDOS,alta,media,unstressed,2.56820172406699,CHIINSITU,FEMENINO
12.7354923172653,010inchiflicCOEM004,RID2CULO,alta,alta,stressed,1,CHIINSITU,FEMENINO
3.51471346445453,010inchiflicCOEM004,TODO,media,media,unstressed,3.39269695325967,CHIINSITU,FEMENINO
9.25597678441633,010inchiflicCOEM004,TRADUCTOR,baja,alta,unstressed,1.30102999566398,CHIINSITU,FEMENINO
4.42320282678781,011inchiflicCOEM003,ENSE6ADO,baja,media,unstressed,1,CHIINSITU,FEMENINO
7.17043264857667,011inchiflicCOEM003,ACOSTUMBRADA,baja,baja,unstressed,1.30102999566398,CHIINSITU,FEMENINO
3.61220679025873,011inchiflicCOEM003,DEMASIADO,baja,media,unstressed,1.60205999132796,CHIINSITU,FEMENINO
7.10453095092613,011inchiflicCOEM003,OLVIDABA,alta,baja,stressed,1,CHIINSITU,FEMENINO
2.958249421269,011inchiflicCOEM003,TODO,media,media,unstressed,3.39269695325967,CHIINSITU,FEMENINO
3.48336300231581,011inchiflicCOEM003,USTEDES,media,media,unstressed,1.90308998699194,CHIINSITU,FEMENINO
3.86899069270164,011inchiflicCOEM003,RESULTADO,baja,media,unstressed,1.30102999566398,CHIINSITU,FEMENINO
1.69552246715464,011inchiflicCOEM003,TODO,media,media,unstressed,3.39269695325967,CHIINSITU,FEMENINO
1.3319416200107,011inchiflicCOEM003,USTEDES,media,media,unstressed,1.90308998699194,CHIINSITU,FEMENINO
4.06635159860208,011inchiflicCOEM003,VERDAD,baja,baja,unstressed,3.19312459835446,CHIINSITU,FEMENINO
11.8481268753308,011inchiflicCOEM003,VIDA,alta,baja,unstressed,2.54406804435028,CHIINSITU,FEMENINO
3.31973496222894,011inchiflicCOEM003,USTEDES,media,media,unstressed,1.90308998699194,CHIINSITU,FEMENINO
1.34353748087447,011inchiflicCOEM003,EDAD,media,baja,stressed,1.60205999132796,CHIINSITU,FEMENINO
2.8393978052619,011inchiflicCOEM003,USTEDES,media,media,unstressed,1.90308998699194,CHIINSITU,FEMENINO
1.68876629506011,011inchiflicCOEM003,REPROBADOS,baja,media,unstressed,1,CHIINSITU,FEMENINO
2.56303461590496,011inchiflicCOEM003,MEDIO,media,alta,unstressed,2.23044892137827,CHIINSITU,FEMENINO
5.48997292861495,011inchiflicCOEM003,PARECIDOS,alta,media,unstressed,1.30102999566398,CHIINSITU,FEMENINO
1.5394125047984,011inchiflicCOEM003,ESTUDIO,alta,alta,unstressed,1.69897000433602,CHIINSITU,FEMENINO
9.92635490551869,011inchiflicCOEM003,EDUCACI5N,media,alta,unstressed,2,CHIINSITU,FEMENINO
3.79161646751254,011inchiflicCOEM003,ESTUDIASTE,alta,alta,stressed,1,CHIINSITU,FEMENINO
1.86350062062778,011inchiflicCOEM003,MEDIO,media,alta,unstressed,2.23044892137827,CHIINSITU,FEMENINO
3.91262235047439,011inchiflicCOEM003,AYUDARME,alta,baja,stressed,1,CHIINSITU,FEMENINO
2.10214105436198,011inchiflicCOEM003,AUNADO,baja,media,unstressed,1,CHIINSITU,FEMENINO
8.31687146966792,011inchiflicCOEM003,AYUDAR,alta,baja,stressed,1.95424250943932,CHIINSITU,FEMENINO
2.04683936900368,011inchiflicCOEM003,AYUDARLO,alta,baja,stressed,1.30102999566398,CHIINSITU,FEMENINO
16.0848910925785,011inchiflicCOEM003,AYUDA,alta,baja,unstressed,1.69897000433602,CHIINSITU,FEMENINO
1.34896098838476,011inchiflicCOEM003,CADA,baja,baja,unstressed,2.72427586960079,CHIINSITU,FEMENINO
1.0138212526175,011inchiflicCOEM003,TODO,media,media,unstressed,3.39269695325967,CHIINSITU,FEMENINO
3.32703428786977,011inchiflicCOEM003,METIDA,alta,baja,unstressed,1,CHIINSITU,FEMENINO
9.1335926670578,011inchiflicCOEM003,AYUDARLA,alta,baja,stressed,1,CHIINSITU,FEMENINO
0.476192780440975,011inchiflicCOEM003,TODAV2A,media,baja,unstressed,2.44715803134222,CHIINSITU,FEMENINO
5.61308857412564,011inchiflicCOEM003,MARCADOS,baja,media,unstressed,1,CHIINSITU,FEMENINO
1.55291280038197,011inchiflicCOEM003,TODO,media,media,unstressed,3.39269695325967,CHIINSITU,FEMENINO
8.49620130181603,011inchiflicCOEM003,ESTUDIE,alta,alta,unstressed,1,CHIINSITU,FEMENINO
6.78222257506984,011inchiflicCOEM003,LADOS,baja,media,unstressed,1.84509804001426,CHIINSITU,FEMENINO
7.71451691241243,011inchiflicCOEM003,OPORTUNIDAD,alta,baja,stressed,2.17609125905568,CHIINSITU,FEMENINO
6.14912506486168,011inchiflicCOEM003,REALIDAD,baja,media,unstressed,2.23044892137827,CHIINSITU,FEMENINO
1.31823280493384,011inchiflicCOEM003,TODOS,media,media,unstressed,3.11058971029925,CHIINSITU,FEMENINO
22.563956057411,011inchiflicCOEM003,PROMEDIOS,media,alta,unstressed,1,CHIINSITU,FEMENINO
7.08924693657127,011inchiflicCOEM003,DIVIDI5,alta,alta,stressed,1,CHIINSITU,FEMENINO
3.36982748340805,011inchiflicCOEM003,OBLIGADOS,baja,media,unstressed,1,CHIINSITU,FEMENINO
5.57033155059958,011inchiflicCOEM003,MEDIO,media,alta,unstressed,2.23044892137827,CHIINSITU,FEMENINO
1.41090232840877,011inchiflicCOEM003,TODO,media,media,unstressed,3.39269695325967,CHIINSITU,FEMENINO
3.81517681199504,011inchiflicCOEM003,PUEDO,media,media,unstressed,2.41497334797082,CHIINSITU,FEMENINO
4.12224783030801,012inchimlicCOEM002,IDEAS,alta,media,stressed,1.69897000433602,CHIINSITU,MASCULINO
0.653103302990829,012inchimlicCOEM002,VERDAD,baja,media,unstressed,3.19312459835446,CHIINSITU,MASCULINO
4.13397890575698,012inchimlicCOEM002,PUDIENTE,alta,alta,stressed,1,CHIINSITU,MASCULINO
1.27044527592382,012inchimlicCOEM002,IDEA,alta,media,stressed,2,CHIINSITU,MASCULINO
1.97815009475548,012inchimlicCOEM002,UNIDOS,alta,media,unstressed,2.56820172406699,CHIINSITU,MASCULINO
0.963456024177475,012inchimlicCOEM002,VERDAD,baja,baja,unstressed,3.19312459835446,CHIINSITU,MASCULINO
1.24282988714552,012inchimlicCOEM002,AYUDAN,alta,baja,unstressed,1.77815125038364,CHIINSITU,MASCULINO
3.5766075828539,012inchimlicCOEM002,AYUDAN,alta,baja,unstressed,1.77815125038364,CHIINSITU,MASCULINO
0.568525272850238,012inchimlicCOEM002,CADA,baja,baja,unstressed,2.72427586960079,CHIINSITU,MASCULINO
2.55650249354869,012inchimlicCOEM002,NADIE,baja,alta,unstressed,2.17609125905568,CHIINSITU,MASCULINO
1.53613433964348,012inchimlicCOEM002,TODO,media,media,unstressed,3.39269695325967,CHIINSITU,MASCULINO
1.71683521416314,012inchimlicCOEM002,TODOS,media,media,unstressed,3.11058971029925,CHIINSITU,MASCULINO
2.36156685017671,012inchimlicCOEM002,COMIDA,alta,baja,unstressed,2.07918124604763,CHIINSITU,MASCULINO
0.639955158164,012inchimlicCOEM002,SUCEDE,media,media,unstressed,1.69897000433602,CHIINSITU,MASCULINO
2.58378519411303,012inchimlicCOEM002,TODO,media,media,unstressed,3.39269695325967,CHIINSITU,MASCULINO
6.5387331651405,012inchimlicCOEM002,SIDO,alta,media,unstressed,2.04139268515823,CHIINSITU,MASCULINO
0.381233060767869,012inchimlicCOEM002,CADA,baja,baja,unstressed,2.72427586960079,CHIINSITU,MASCULINO
0.710374910917352,012inchimlicCOEM002,CADA,baja,baja,unstressed,2.72427586960079,CHIINSITU,MASCULINO
1.50758436853192,012inchimlicCOEM002,CADA,baja,baja,unstressed,2.72427586960079,CHIINSITU,MASCULINO
0.798450494975128,012inchimlicCOEM002,ANUNCIADA,baja,baja,unstressed,1,CHIINSITU,MASCULINO
2.81563859577024,012inchimlicCOEM002,CR4DITO,media,alta,unstressed,1.69897000433602,CHIINSITU,MASCULINO
0.905097164420411,012inchimlicCOEM002,MEDIRNOS,media,alta,stressed,1,CHIINSITU,MASCULINO
6.3413788192257,012inchimlicCOEM002,ENDEUDADOS,alta,baja,stressed,1.30102999566398,CHIINSITU,MASCULINO
3.28434120706238,012inchimlicCOEM002,ENDEUDADOS,baja,media,unstressed,1.30102999566398,CHIINSITU,MASCULINO
6.27737730413739,012inchimlicCOEM002,ENDEUDADOS,alta,baja,stressed,1.30102999566398,CHIINSITU,MASCULINO
2.17731382055011,012inchimlicCOEM002,ENDEUDADOS,baja,media,unstressed,1.30102999566398,CHIINSITU,MASCULINO
3.16138279375426,012inchimlicCOEM002,MEDIDA,media,alta,stressed,1.30102999566398,CHIINSITU,MASCULINO
1.11514102904032,012inchimlicCOEM002,MEDIDA,alta,baja,unstressed,1.30102999566398,CHIINSITU,MASCULINO
1.26915613954269,012inchimlicCOEM002,MEDIDA,media,alta,stressed,1.30102999566398,CHIINSITU,MASCULINO
1.25455096013989,012inchimlicCOEM002,MEDIDA,alta,baja,unstressed,1.30102999566398,CHIINSITU,MASCULINO
4.15926102811738,012inchimlicCOEM002,COMIDA,alta,baja,unstressed,2.07918124604763,CHIINSITU,MASCULINO
3.62536828130828,012inchimlicCOEM002,CADA,baja,baja,unstressed,2.72427586960079,CHIINSITU,MASCULINO
10.17381929217,012inchimlicCOEM002,ESTUDIADA,alta,alta,stressed,1,CHIINSITU,MASCULINO
5.61439964420074,012inchimlicCOEM002,ESTUDIADA,baja,baja,unstressed,1,CHIINSITU,MASCULINO
5.31570223808303,012inchimlicCOEM002,DECIDIDOS,alta,alta,stressed,1,CHIINSITU,MASCULINO
2.91924343389896,012inchimlicCOEM002,DECIDIDOS,alta,media,unstressed,1,CHIINSITU,MASCULINO
3.66108669331096,012inchimlicCOEM002,COMPROMETIDOS,alta,media,unstressed,1.30102999566398,CHIINSITU,MASCULINO
4.73950210918296,012inchimlicCOEM002,CAPACIDAD,alta,baja,stressed,1.84509804001426,CHIINSITU,MASCULINO
3.91940461134168,012inchimlicCOEM002,APEGADOS,baja,media,unstressed,1,CHIINSITU,MASCULINO
3.07509583201649,012inchimlicCOEM002,CAPACIDAD,baja,media,unstressed,1.84509804001426,CHIINSITU,MASCULINO
1.93392645859537,012inchimlicCOEM002,PREPARADA,baja,baja,unstressed,1.60205999132796,CHIINSITU,MASCULINO
3.71650548906607,012inchimlicCOEM002,DOCTORADO,baja,media,unstressed,1.30102999566398,CHIINSITU,MASCULINO
1.9661823402682,012inchimlicCOEM002,PEDIR,media,alta,stressed,1.77815125038364,CHIINSITU,MASCULINO
4.92612607045528,012inchimlicCOEM002,BALANCEADO,baja,media,unstressed,1,CHIINSITU,MASCULINO
1.49653264891262,012inchimlicCOEM002,UNIDOS,alta,media,unstressed,2.56820172406699,CHIINSITU,MASCULINO
1.48229099153858,012inchimlicCOEM002,ESTUDIANDO,alta,alta,stressed,2.07918124604763,CHIINSITU,MASCULINO
7.16176125437183,012inchimlicCOEM002,UNIDOS,alta,media,unstressed,2.56820172406699,CHIINSITU,MASCULINO
